264$b,949$v
Aardappelwereld,Erasmus Amsterdam
ABC-CLIO,Missing Link
Abrams,Missing Link
Academia Press,Erasmus Amsterdam
Academic Press,Missing Link
Agrimedia,Dreier
Akkadia,Dreier
Album,Missing Link
Allen,Dreier
Alpha,Dreier
Amber,Dreier
American,Missing Link
Anthem,Dreier
Anthem Press,Missing Link
Antje,Dreier
ANU,Missing Link
Aperture,Missing Link
Appenzeller,Lehmanns
Apple,Missing Link
Apress,Missing Link
Archaeopress,Dreier
Learning & Development,Dreier
Arnoldsche,Dreier
Aristaios,Lehmanns
Arizona,Missing Link
Artech,Missing Link
Aspire,Missing Link
Art Books,Lehmanns  
AS Verlag,Lehmanns
ASCE,Missing Link
ASM Press,Missing Link
AT Verlag,Lehmanns
Atlantic Books,Dreier
Atlantis,Erasmus Amsterdam
Auris,Dreier
Australia,Missing Link
Austrian Standards plus Publishing,Missing Link
Alain Valtat,Erasmus Paris
Aviation Supplies & Academics,Missing Link
Basic Books,Missing Link
Bauhaus,Dreier
be.bra,Dreier
Beacon Press,Missing Link
Beck,Dreier
Behr,Dreier
Belgien,Erasmus Amsterdam
Belknap Press,Missing Link
Beltz Juventa,Dreier
New Belvedere Verlag,Dreier
BenBella Books,Missing Link
Beobachter-Edition,Lehmanns
Berenkamp,Missing Link
Berghahn Books,Missing Link
Berliner Wissenschafts-Verlag,Dreier
Berner Wanderwege,Lehmanns
Berrett-Koehler,Missing Link
Bertelsmann,Dreier
Beuth Verlag,Dreier
bibliothèque des arts,Lehmanns
Bioland Verlag,Dreier
Birkhäuser,Lehmanns
Birlinn,Dreier
BIS Publishers,Erasmus Amsterdam
Black Dog Publishing,Dreier
Blast Books,Missing Link
Bleu pastel,Erasmus Paris
BLG Book,Missing Link
Bloomsbury Publishing,Dreier
Bodley Head,Dreier
De Boeck Université,Erasmus Amsterdam
Bompiani,Casalini
Börsenbuchverlag,Dreier
Books on Demand,Dreier
Brandes & Apsel,Dreier
Brandstätter Verlag,Missing Link
Brealey,Missing Link
Brepols Publishers,Erasmus Amsterdam
Brill,Erasmus Amsterdam
Bristol University Press,Dreier
Broadview Press,Missing Link
Brookings Institution,Missing Link
Bruderverlag,Dreier
Bruckmann Verlag,Dreier
Büchner-Verlag,Dreier
Bundesamt für Umwelt,Lehmanns
Bundesanzeiger,Dreier
Butterworth-Heinemann,Erasmus Amsterdam
CABI Publishing,Missing Link
Caister,Dreier
Callwey,Dreier
Cambridge,Missing Link
Campus Verlag,Dreier
Canada,Missing Link
Canbury Press,Dreier
Carlsen,Dreier
Cato Institute,Missing Link
Cengage,Missing Link
Center for Development and Environment,Lehmanns
Center Street,Missing Link
Century Foundation,Missing Link
CEREMA,Erasmus Paris
Chandos Publishing,Dreier
Channel View Publications,Dreier
Chartered Institution of Building Services Engineers,Dreier
Chelsea Green Publishing,Missing Link
Chapman & Hall,Missing Link
Chem Tec Publishing,Missing Link
Chicago University Press,Missing Link
Château & Attinger,Lehmanns
Chronos,Lehmanns
Cicerone Press,Dreier
Cricetus Cricetus,Dreier
CLAX Fachverlag,Missing Link
CNRS Éditions,Erasmus Paris
Cognella,Missing Link
Cold Spring Harbor Lab Press,Missing Link
Columbia University Press,Missing Link
Connor Court Publications,Missing Link
Cool Springs Press,Missing Link
Cornell University Press,Missing Link
Corraini Edizioni,Casalini
CRC Press,Missing Link
Crown Business,Missing Link
Crowood Press,Missing Link
CSIRO Publishing,Missing Link
Custom House,Missing Link
Cuvillier Verlag,Dreier
Dekker,Missing Link
Dave Burgess Consulting,Missing Link
Destech Publications,Missing Link
Detail Business Information,Dreier
Delius Klasing,Dreier
DLG-Verlag,Dreier
Deutsche Verlags-Anstalt,Dreier
Deutscher Alpenverein,Dreier
Deutscher Industrieverlag,Dreier
Deutscher Kunstverlag,Dreier
Dewi Lewis Publishing,Dreier
Dietz Verlag,Dreier
Dike Verlag,Lehmanns
Distanz Kunstbuchverlag,Dreier
DIV,Dreier
DK Verlag,Dreier
Dover Publications,Missing Link
Droemer Knaur,Dreier
dtv,Dreier
Duckworth,Dreier
Dudenverlag,Dreier
Duke University Press,Missing Link
Duncker & Humblot,Dreier
Dunedin Academic Press,Dreier
Deutsche Verlags-Anstalt,Dreier
EAGE Publications,Erasmus Amsterdam
Earthscan,Dreier
Ebury,Dreier
Econ Verlag,Dreier
Economist,Dreier
ecoWIN,Missing Link
Echtzeit Verlag,Lehmanns
Edinburgh University Press,Dreier
Edition Detail,Dreier
Edition Nautilus,Dreier
Edition Patrick Frey,Lehmanns
Edizioni Studium,Casalini
Éditions d'organisation,Erasmus Paris
Éditions France Agricole,Erasmus Paris
Éditions Monographic,Lehmanns
Éditions universitaires,Dreier
Educagri,Erasmus Paris
Elektor-Verlag,Dreier
Edward Elgar Publishing,Dreier
Elliott & Thompson,Dreier
Elsevier,Missing Link
Emerald Publishing,Dreier
EMH,Lehmanns
Emons Verlag,Dreier
Energy Pocket Reference,Dreier
Enke Verlag,Dreier
Enslow Publishing,Missing Link
Eriskay Connection,Erasmus Amsterdam
Ernst & Sohn,Dreier
Esterbauer Verlag,Missing Link
Eul Verlag,Dreier
Europa-Lehrmittel Verlag,Dreier
European Mineralogical Union,Dreier
European Convention for Constructional Steelwork,Erasmus Amsterdam
Everyday Press,Dreier
expert-Verlag,Dreier
Eyrolles,Erasmus Paris
Faber & Faber,Dreier
Fabrica,Casalini
Facet Publishing,Dreier
Facultas,Missing Link
Food and Agriculture Organization,Casalini
Farrar,Missing Link
Frederking & Thaler,Dreier
FeuerTRUTZ Verlag,Dreier
FinanzBuch Verlag,Dreier
Firefly Books,Missing Link
Fischer Taschenbuch,Dreier
Flammarion,Erasmus Paris
Fordham University Press,Missing Link
Forum Verlag Herkert,Dreier
France Agricole,Erasmus Paris
Frank & Timme,Dreier
Frankfurter Allgemeine Buch,Dreier
Franz Vahlen,Dreier
Franzis-Verlag,Dreier
Fraunhofer IRB Verlag,Dreier
Edition Patrick Frey,Lehmanns
Friedrich Pfeil,Dreier
Gallimard,Erasmus Paris
Gamut Verlag,Dreier
Garland Science,Missing Link
Gebrüder Mann Verlag,Dreier
Georgetown University Press,Missing Link
GeraMond Verlag,Dreier
Gerberatung,Lehmanns
Gerstenberg Verlag,Dreier
Gestalten Verlag,Dreier
Getty Trust Publications,Missing Link
Gmeiner Verlag,Dreier
Goldegg Verlag,Dreier
Goldmann,Dreier
GOST Books,Dreier
Graafmann+Schreck Edition,Dreier
Grand Central Publishing,Missing Link
Granta Books,Dreier
Greenwood Publishing,Missing Link
Greystone Books,Missing Link
Gruyter,Lehmanns
Guest Editions,Dreier
Guilford Publications,Missing Link
Gulf Professional Publishing,Erasmus Amsterdam
Hachette Books,Dreier
Hamburger Edition,Dreier
Carl Hanser,Dreier
Harrassowitz,Dreier
Hanser Publications,Missing Link
Harmattan,Erasmus Paris
HarperBusiness,Missing Link
Hart Publishing,Dreier
Harvard University Press,Missing Link
Hatje Cantz Verlag,Dreier
Haufe-Lexware,Dreier
Haupt Verlag,Lehmanns
Headline Publishing,Dreier
Head of Zeus,Dreier
Helbling & Lichtenhahn,Lehmanns
Henry Holt,Missing Link
hep Verlag,Lehmanns
Herbert Utz Verlag,Dreier
Herbert von Halem Verlag,Dreier
Herder Verlag,Dreier
Carl Heymanns Verlag,Dreier
Hier und Jetzt,Lehmanns
Hirmer Verlag,Dreier
Hirzel Verlag,Dreier
History Press,Dreier
Hodder & Stoughton,Dreier
Hogrefe Verlag,Dreier
Hong Kong University Press,Missing Link
Hamilton,Dreier
Human Kinetics,Missing Link
Humanities Online,Dreier
Hurst,Dreier
I.B. Tauris,Dreier
Icon Books,Dreier
IDW-Verlag,Dreier
IEEE,Missing Link
IGI Global,Missing Link
IHS BRE Press,Dreier
Il Mulino,Casalini
Illuminating Engineering Society of North America,Missing Link
Illuminate Publishing,Dreier
Imperial College Press,Dreier
Indiana University Press,Missing Link
Iudicium,Dreier
IngramSpark,Missing Link
Industrial Press,Missing Link
Institut für Hochschulforschung Wittenberg,Dreier
Institut für internationale Architektur-Dokumentation,Dreier
Institute of Physics Publishing,Dreier
Institution of Engineering and Technology,Dreier
Institution of Structural Engineers,Dreier
International Federation for Housing & Planning,Dreier
IGI,Missing Link
IK International,Missing Link
Indien,Missing Link
IOP Publishing,Dreier
ISA,Missing Link
Island Press,Missing Link
ISTE Éditions,Missing Link
ISTE Press,Missing Link
ITM InnoTech Medien,Dreier
IWA Publishing,Missing Link
Janice Beetle Books,Missing Link
J. Ross Publishing,Missing Link
Jan Thorbecke Verlag,Dreier
Jedermann-Verlag,Dreier
Jenny Stanford Publishing,Missing Link
Jessica Kingsley Publishers,Dreier
John Hopkins University Press,Missing Link
John Murray Learning,Dreier
Jonathan Cape,Dreier
Jones & Bartlett Learning,Missing Link
JRP Ringier,Lehmanns
Junius Hamburg,Dreier
Kadmos Kulturverlag,Dreier
Kanada,Missing Link
Karger,Lehmanns
Karlsruher Institut für Technologie,Dreier
Karma,Missing Link
Kehrer Verlag,Dreier
Kerber,Dreier
Norbert Kessel,Dreier
Kiepenheuer & Witsch,Dreier
Klett-Cotta-Verlag,Dreier
Klingkhard,Dreier
Verlag am Klosterhof,Lehmanns
Knesebeck Verlag,Dreier
Knopf,Missing Link
Koenig Books,Dreier
Walther König,Dreier
Königshausen & Neumann,Dreier
Kösel,Dreier
Kogan Page,Dreier
Kohlhammer,Dreier
Kongressliteratur USA,Missing Link
kopaed,Dreier
Alfred Kröner Verlag,Dreier
Kosmos,Dreier
Kovač,Dreier
KTBL,Dreier
Kulturverlag Kadmos,Dreier
Kunth Verlag,Dreier
Landwirtschaftsverlag,Dreier
Langen-Müller,Dreier
Lambert Academic Publishing,Dreier
Large Print Press,Missing Link
Laurence King,Dreier
Law Brief,Dreier
Leuven University,Erasmus Amsterdam
Lexington,Missing Link
Leykam,Missing Link
Lavoisier Tec&Doc,Erasmus Paris
Libri,Dreier
Lightmoor,Dreier
Lilliput,Dreier
Lily Publications,Dreier
Limmat,Lehmanns
Links Verlag,Dreier
Lippincott Williams & Walkers,Missing Link
Little Brown,Missing Link
Little Toller,Dreier
Liveright,Missing Link
Logos,Dreier
Lorimer,Missing Link
Luchterhand,Dreier
Ludwig,Dreier
Lund Humphries,Dreier
MacMillan,Dreier
Malik,Dreier
managerSeminare,Dreier
Manz,Missing Link
Marmota Maps,Dreier
Materials Research Forum,Missing Link
Matthes & Seitz,Dreier
McFarland,Missing Link
MCD,Missing Link
McGill-Queen's University Press,Missing Link
McGraw Hill,Missing Link
Multidisciplinary Digital Publishing,Lehmanns
Mecke Druck,Dreier
mentis Verlag,Dreier
Christoph Merian,Lehmanns
Merkur Druck,Lehmanns
Metzler Verlag,Dreier
Michael O'Mara,Dreier
Michael Wagner Verlag,Missing Link
Mineralogical Society of America,Missing Link
University of Minnesota Press,Missing Link
MIT Press,Missing Link
mitp-Verlag,Dreier
Mohr-Siebeck,Dreier
Momentum Press,Missing Link
modo Verlag,Dreier
Éditions Monographic,Lehmanns
Morgan & Claypool,Missing Link
Morgan James,Missing Link
Morgan Kaufmann,Missing Link
Mosaik Verlag,Dreier
Motorbuch-Verlag,Dreier
Mountain Press,Missing Link
C.F. Müller,Dreier
Rudolf Müller,Dreier
Murmann Publishers,Dreier
Muséum National d'Histoire Naturelle,Erasmus Paris
Muze Publishing,Dreier
Nagel & Kimche,Lehmanns
nai010 publishers,Erasmus Amsterdam
NG Verlag,Dreier
National Geographic Society,Missing Link
Natural History Museum,Dreier
Naturstein-Verband Schweiz Pro Naturstein,Lehmanns
Neofelis Verlag,Dreier
NAI Publishers,Erasmus Amsterdam
Neue Zürcher Zeitung,Lehmanns
New India Publishing Agency,Missing Link
University of New Mexico Press,Missing Link
New Page Books,Dreier
New Society Publishers,Missing Link
The New Press,Missing Link
New York University Press,Missing Link
NewSouth Publishing,Missing Link
Next Factory Ottensen,Dreier
Les Editions Noir Sur Blanc,Lehmanns
Nolo Press,Missing Link
NOMEN Verlag,Dreier
Nomos,Dreier
Éditions Norma,Erasmus Paris
Northwestern University Press,Missing Link
W.W. Norton & Company,Missing Link
Nova Science Publishers,Missing Link
now Publishers,Missing Link
NUS Press,Missing Link
Octopus Publishing Group,Dreier
Oekom Verlag,Dreier
Oertel+Spörer,Dreier
Georg Olms,Dreier
Oneworld Publications,Dreier
Open Books,Missing Link
O'Reilly Media,Missing Link
Orell Füssli,Lehmanns
Orion Publishing Group,Dreier
ORO Editions,Missing Link
Ott Verlag,Lehmanns
Oxbow Books,Dreier
Oxford University Press,Missing Link
Pabst Science Publishers,Dreier
Pace,Missing Link
Packt Publishing,Dreier
Pala,Dreier
Palgrave Macmillan,Missing Link
Pan Stanford Publishing,Missing Link
Pantheon,Dreier
Papyrossa Verlag,Dreier
Park Books,Lehmanns
Passagen-Verlag,Missing Link
Pearson,Missing Link
Peeters Publishers,Erasmus Amsterdam
Pegasus Books,Missing Link
Pelagic Publishing,Dreier
Pelican books,Dreier
Pen Culture Solutions,Missing Link
Penguin Books,Dreier
Penguin Press,Missing Link
Pennsylvania State University Press,Missing Link
Pergamon Press,Dreier
Peter Lang,Lehmanns
Phaidon Press,Dreier
Verlag Philipp von Zabern,Dreier
Piper Verlag,Dreier
Pittsburgh Historical Urban Environment,Missing Link
University of Pittsburgh Press,Missing Link
Pluto Press,Dreier
Pointed Leaf Press,Missing Link
Polity Press,Lehmanns
Portfolio,Missing Link
Potomac Books,Missing Link
Praeger Publishers,Missing Link
Prentice Hall Press,Missing Link
Prentice-Hall of India,Missing Link
Presses de l'Ecole nationale des ponts et chaussées,Erasmus Paris
Presses du Châtelet,Erasmus Paris
Presses polytechniques et universitaires romandes,Lehmanns
Prestel,Dreier
Princeton,Missing Link
Productivity Press,Missing Link
Profile Books,Dreier
Project Management Institute,Missing Link
Prometheus Books,Missing Link
PublicAffairs,Missing Link
Publicis,Dreier
Punthi-Pustak,Missing Link
PUPS,Erasmus Paris
Éd. Quae,Erasmus Paris
Quart Architektur-Verlag,Lehmanns
Quelle & Meyer,Dreier
Quercus Publishing,Dreier
Rand Corporation,Missing Link
Random House,Dreier
Reaktion Books,Dreier
Philipp Reclam jun. Verlag,Dreier
Red Planet Publishing,Dreier
Reimer Verlag,Dreier
Resch-Verlag,Dreier
Residenz Verlag,Missing Link
Revolver Publishing,Dreier
Rheinwerk,Dreier
Riemann Verlag,Dreier
riva Verlag,Dreier
River Publishers,Dreier
Rizzoli International Publications,Missing Link
RMN-Edition,Dreier
Rock Point,Missing Link
Rockport Publishers,Missing Link
Rodale Books,Missing Link
Rosedog Books,Missing Link
Rosen Publishing,Missing Link
J. Ross Publishing,Missing Link
Rother Bergverlag,Dreier
Rothus,Lehmanns
Rotpunktverlag,Lehmanns
Rottenedition,Lehmanns
Routledge,Dreier
Rowohlt Berlin,Dreier
Rowman & Littlefield,Dreier
Royal Academy of Arts,Dreier
Royal Botanic Garden Edinburgh,Dreier
Royal Society of Chemistry,Dreier
Rustica,Erasmus Paris
SAE International,Missing Link
SAC Verlag,Lehmanns
SAGE,Missing Link
Sandstein Verlag,Dreier
Éditions Sang de la terre,Erasmus Paris
SAP Press,Missing Link
Schäffer-Poeschel Verlag,Dreier
Schattauer,Dreier
Scheidegger & Spiess,Lehmanns
Schiffer Publishing,Missing Link
Schilt Publishing,Erasmus Amsterdam
Schirmer Mosel,Dreier
Martin Schmitz Verlag,Dreier
Robert Schwandl Verlag,Dreier
Schweizerbart,Dreier
Schweizerische Vogelwarte,Lehmanns
Scribne Publications,Dreier
Scribner,Missing Link
Scientific American,Missing Link
Scorpio Verlag,Dreier
Scuola Normale Superiore,Casalini
Sedona Publishing,Missing Link
Seidl Verlag,Dreier
Seismo Verlag,Lehmanns
Shaker Verlag,Dreier
Shinano Mainichi Shimbun,Missing Link
Siegl,Dreier
Sieveking Verlag,Dreier
Silvana editoriale,Casalini
Simon & Schuster,Missing Link
Sinauer Associates,Missing Link
Siri Scientific Press,Dreier
Slanted Publishers,Dreier
SKV Verlag,Lehmanns
Skyhorse Publishing,Missing Link
Smithsonian Books,Missing Link
Snoeck Verlag,Dreier
Society for Industrial & Applied Mathematics,Missing Link
Society for Mining,Missing Link
Spbh Editions,Dreier
Spector,Dreier
Spectormag,Dreier
SPIE Press,Missing Link
SPIE Europe,Missing Link
Spielbein Publishers,Dreier
Springer,Lehmanns
Spurl,Dreier
Martins Press,Missing Link
Stahlschlüssel,Dreier
Stämpfli,Lehmanns
Stanford University Press,Missing Link
Stanley & Audrey Burton Gallery,Dreier
Stardom Books,Missing Link
Stata Press,Missing Link
Steidl,Dreier
Sternberg Press,Dreier
Stocker,Missing Link
Storey,Missing Link
Studentlitteratur AB,Missing Link
Sturm & Drang,Lehmanns
Suhrkamp,Dreier
Sundog,Missing Link
Sunstone Press,Missing Link
Swift Press,Dreier
Systemed Verlag,Dreier
Sutter,Lehmanns
Tate Publishing,Dreier
Taube Edition,Dreier
Tauris,Dreier
Taylor & Francis,Dreier
Éditeur Tec et Doc - Lavoisier,Erasmus Paris
Tectum Wissenschaftsverlag,Dreier
Texte Textilien,Dreier
Thames & Hudson,Dreier
Konrad Theiss Verlag,Dreier
Thieme Medical Publishers,Missing Link
Thieme Verlagsgruppe,Dreier
Third Millennium Publishing,Dreier
Thomson Gale,Dreier
Timber Press,Missing Link
TouchStone,Missing Link
transcript Verlag,Dreier
Transworld Publishers,Dreier
Tredition,Dreier
Triest Verlag,Lehmanns
Troubador Publishing,Dreier
Truffle Books,Dreier
Brepols Publishing,Erasmus Amsterdam
UCL Press,Dreier
Ullmann Publishing,Dreier
Ullstein Verlag,Dreier
Ulmer,Dreier
Universitätsverlag Göttingen,Dreier
University of Arizona Press,Missing Link
University of British Columbia Press,Missing Link
University of California Press,Missing Link
University of Chicago Press,Missing Link
University Press of Kansas,Missing Link
University of Minnesota Press,Missing Link
University of North Carolina Press,Missing Link
University of Pittsburgh Press,Missing Link
University of Toronto Press,Missing Link
University of Washington Press,Missing Link
Urban & Fischer,Dreier
USA,Missing Link
UTB,Dreier
utb,Dreier
UVK-Verlagsgesellschaft,Dreier
Verlag Das Beste,Dreier
Verlag Franz Vahlen,Dreier
Verlagshaus der Ärzte,Missing Link
Vandenhoeck & Ruprecht,Dreier
Variant Press,Missing Link
VDE Verlag,Dreier
Verlag Franz Vahlen,Dreier
Verlag für moderne Kunst,Missing Link
Verlag Wasmuth & Zohlen,Dreier
Verlag Wilhelm Fink,Dreier
Vermilion,Dreier
Verso Books,Missing Link
Versus Verlag,Lehmanns
Vexer Verlag,Lehmanns
Vikatan Publishing Solutions,Missing Link
Viking,Missing Link
Vincentz-Verlag Network,Dreier
Vintage Publishing,Dreier
Vogel Business Media,Dreier
Volk Verlag,Dreier
VSA-Verlag,Dreier
Vulkan-Verlag,Dreier
Wageningen Academic Publishers,Erasmus Amsterdam
Walhalla und Praetoria,Dreier
Wallenstein Verlag,Dreier
Water Environment Federation,Missing Link
Water Research Australia,Missing Link
Waxmann,Dreier
Weber Verlag,Lehmanns
Welbeck Publishing Group,Dreier
Westend Verlag,Dreier
Westfälische Wilhelms-Universität,Dreier
Westhafen Verlag,Dreier
Whitechapel,Dreier
Whittles Publishing,Dreier
Wichmann,Dreier
John Wiley & Sons,Lehmanns
Wilkinson Publishing,Missing Link
Verlag Wilhelm Fink,Dreier
William Andrew Publishing,Missing Link
Wissenschaftliche Buchgesellschaft,Dreier
Wissenschaftliche Verlagsgesellschaft,Dreier
WIT Press,Dreier
Wolfram Media,Missing Link
Wolters Kluwer,Erasmus Amsterdam
Woll Verlag,Dreier
Woodhead Publishing,Missing Link
World Bank Publications,Missing Link
World Scientific Publishing,Missing Link
Wörterseh Verlag,Lehmanns
WTM-Verlag,Dreier
Yale University Press,Missing Link
Zed Books,Dreier
Zero Books,Dreier
Paul Zsolnay Verlag,Missing Link
Torrey,Missing Link
emons,Dreier
Bruckmann,Dreier
IntechOpen,Dreier
University of Michigan Press,Missing Link
W.W. Norton,Missing Link
Cambridge University Press,Missing Link
University Press of Florida,Missing Link
Verlag Kettler,Dreier
St Martin's Press,Missing Link
RRB Photobooks,Dreier
Hartmann Projects Verlag,Dreier
Manchester University Press,Dreier
Amsterdam University Press,Erasmus Amsterdam
Poursuite editions,Erasmus Paris
Auckland University Press,Missing Link
edition clandestin,Lehmanns
Lenz Press,Casalini
Hanser,Dreier
Haufe,Dreier
HarperCollins Publishers,Missing Link
Erich Schmidt Verlag,Dreier
Schäffer-Poeschel,Dreier
University of Alabama Press,Missing Link
Vahlen,Dreier
Campus,Dreier
Ullstein Buchverlage,Dreier
test,Lieferant
